Workbook

Sheet Sheet1
A1: REGISTERATION DETAILS BATCH 2026 (DIPLOMA CSE)
A2: SL NO | B2: ENROLL NO | C2: STUDENT NAME | D2: BRANCH | E2: CONTACT NO. | F2: WHATSAPP NO. | G2: MAIL ID | H2: FATHER NAME | I2: CONTACT NO | J2: ID CARD | K2: SIGNATURE | L2: ANTI RAGGING | M2: ABC ID
A3: 1 | B3: {=Sheet3!B1:G1} -> 262500005 | C3: PRANAV KHARKA | D3: DIPLOMA EEE | F3: 7865090858 | G3: pranavkharka3@gmail.com
A4: 2 | B4: {=Sheet3!B2:G2} -> 262500010 | C4: BIRESH SOREN | D4: DIPLOMA EEE | F4: 7029770997 | G4: bireshsoren65@gmail.com
A5: 3 | B5: {=Sheet3!B3:G3} -> 262500031 | C5: PAPPU GHOSH | D5: DIPLOMA EEE | F5: 7991150397 | G5: pg487530@gmail.com
A6: 4 | B6: {=Sheet3!B4:G4} -> 262500036 | C6: ANKIT KUMAR | D6: DIPLOMA EEE | F6: 7859097259 | G6: ankitkumar000706@gmail.com
A7: 5 | B7: {=Sheet3!B5:G5} -> 262500060 | C7: PRIYANSHU KUMAR | D7: DIPLOMA EEE | F7: 9534893409 | G7: priyanshukrchaita1@gmail.com
A8: 6 | B8: {=Sheet3!B6:G6} -> 262500232 | C8: ANIKESH MUKHERJEE | D8: DIPLOMA EEE | F8: 7070222992 | G8: anikeshmukherjee240@gmail.com
A9: 7 | B9: {=Sheet3!B7:G7} -> 262500387 | C9: ASHWIN SINGH RAJPUT | D9: DIPLOMA EEE | F9: 6207271866 | G9: jniraj.tomar@gmail.com
A10: 8 | B10: {=Sheet3!B8:G8} -> 262500401 | C10: VICKY KUMAR KARMALI | D10: DIPLOMA EEE | F10: 6200860903 | G10: jkumarkarmli@gmail.com
A11: 9 | B11: {=Sheet3!B9:G9} -> 262500402 | C11: ANKUSH KUMAR RAJAK | D11: DIPLOMA EEE | F11: 8603199694 | G11: punamdevipunamdevi342@gmail.com
A12: 10 | B12: {=Sheet3!B10:G10} -> 262500412 | C12: PIYUSH KUMAR | D12: DIPLOMA EEE | F12: 9229070137 | G12: ks853373@gmail.com
A13: 11 | B13: {=Sheet3!B11:G11} -> 262500442 | C13: ANIKET MANDAL | D13: DIPLOMA EEE | F13: 9508489578 | G13: mandalaniket696@gmail.com
A14: 12 | B14: {=Sheet3!B12:G12} -> 262500454 | C14: ROHAN SHARMA | D14: DIPLOMA EEE | F14: 9113391835 | G14: rohanjsr17900@gmail.com
... A53: 51 | B53: {=Sheet3!B51:G51} -> 262501573 | C53: MOHAMMAD RAIYAN | D53: DIPLOMA EEE | F53: 7079534535 | G53: mohdraiyan.7c.roll25@gmail.com
A54: 52
A55: 53
A56: 54
A57: 55
A58: 56
A59: 57
A60: 58
A61: 59
A62: 60
A63: 61
A64: 62
A65: 63
... A67: 65

Sheet Sheet3
B1: 262500005 | C1: PRANAV KHARKA | D1: DIPLOMA EEE | F1: 7865090858 | G1: pranavkharka3@gmail.com
B2: 262500010 | C2: BIRESH SOREN | D2: DIPLOMA EEE | F2: 7029770997 | G2: bireshsoren65@gmail.com
B3: 262500031 | C3: PAPPU GHOSH | D3: DIPLOMA EEE | F3: 7991150397 | G3: pg487530@gmail.com
B4: 262500036 | C4: ANKIT KUMAR | D4: DIPLOMA EEE | F4: 7859097259 | G4: ankitkumar000706@gmail.com
B5: 262500060 | C5: PRIYANSHU KUMAR | D5: DIPLOMA EEE | F5: 9534893409 | G5: priyanshukrchaita1@gmail.com
B6: 262500232 | C6: ANIKESH MUKHERJEE | D6: DIPLOMA EEE | F6: 7070222992 | G6: anikeshmukherjee240@gmail.com
B7: 262500387 | C7: ASHWIN SINGH RAJPUT | D7: DIPLOMA EEE | F7: 6207271866 | G7: jniraj.tomar@gmail.com
B8: 262500401 | C8: VICKY KUMAR KARMALI | D8: DIPLOMA EEE | F8: 6200860903 | G8: jkumarkarmli@gmail.com
B9: 262500402 | C9: ANKUSH KUMAR RAJAK | D9: DIPLOMA EEE | F9: 8603199694 | G9: punamdevipunamdevi342@gmail.com
B10: 262500412 | C10: PIYUSH KUMAR | D10: DIPLOMA EEE | F10: 9229070137 | G10: ks853373@gmail.com
B11: 262500442 | C11: ANIKET MANDAL | D11: DIPLOMA EEE | F11: 9508489578 | G11: mandalaniket696@gmail.com
B12: 262500454 | C12: ROHAN SHARMA | D12: DIPLOMA EEE | F12: 9113391835 | G12: rohanjsr17900@gmail.com
... B51: 262501573 | C51: MOHAMMAD RAIYAN | D51: DIPLOMA EEE | F51: 7079534535 | G51: mohdraiyan.7c.roll25@gmail.com

Sheet Sheet2
A1: REGISTERATION DETAILS BATCH 2026 (B.TECH Lateral)
A2: SL NO | B2: ENROLL NO | C2: STUDENT NAME | D2: BRANCH | E2: CONTACT NO. | F2: WHATSAPP NO. | G2: MAIL ID | H2: FATHER NAME | I2: CONTACT NO | J2: ID CARD | K2: SIGNATURE | L2: ANTI RAGGING | M2: ABC ID
